<TextureAtlas imagePath="sheet.png">
	<SubTexture name="alienBeige_climb1.png" x="128" y="512" width="128" height="256"/>
	<SubTexture name="alienBeige_climb2.png" x="128" y="256" width="128" height="256"/>
	<SubTexture name="alienBeige_duck.png" x="128" y="0" width="128" height="256"/>
	<SubTexture name="alienBeige_front.png" x="0" y="1792" width="128" height="256"/>
	<SubTexture name="alienBeige_hit.png" x="0" y="1536" width="128" height="256"/>
	<SubTexture name="alienBeige_jump.png" x="0" y="1280" width="128" height="256"/>
	<SubTexture name="alienBeige_stand.png" x="0" y="1024" width="128" height="256"/>
	<SubTexture name="alienBeige_swim1.png" x="0" y="768" width="128" height="256"/>
	<SubTexture name="alienBeige_swim2.png" x="0" y="512" width="128" height="256"/>
	<SubTexture name="alienBeige_walk1.png" x="0" y="256" width="128" height="256"/>
	<SubTexture name="alienBeige_walk2.png" x="0" y="0" width="128" height="256"/>
	<SubTexture name="alienBlue_climb1.png" x="384" y="768" width="128" height="256"/>
	<SubTexture name="alienBlue_climb2.png" x="768" y="1280" width="128" height="256"/>
	<SubTexture name="alienBlue_duck.png" x="768" y="1024" width="128" height="256"/>
	<SubTexture name="alienBlue_front.png" x="768" y="768" width="128" height="256"/>
	<SubTexture name="alienBlue_hit.png" x="768" y="512" width="128" height="256"/>
	<SubTexture name="alienBlue_jump.png" x="768" y="256" width="128" height="256"/>
	<SubTexture name="alienBlue_stand.png" x="768" y="0" width="128" height="256"/>
	<SubTexture name="alienBlue_swim1.png" x="640" y="1792" width="128" height="256"/>
	<SubTexture name="alienBlue_swim2.png" x="640" y="1536" width="128" height="256"/>
	<SubTexture name="alienBlue_walk1.png" x="640" y="1280" width="128" height="256"/>
	<SubTexture name="alienBlue_walk2.png" x="640" y="1024" width="128" height="256"/>
	<SubTexture name="alienGreen_climb1.png" x="640" y="768" width="128" height="256"/>
	<SubTexture name="alienGreen_climb2.png" x="640" y="512" width="128" height="256"/>
	<SubTexture name="alienGreen_duck.png" x="640" y="256" width="128" height="256"/>
	<SubTexture name="alienGreen_front.png" x="640" y="0" width="128" height="256"/>
	<SubTexture name="alienGreen_hit.png" x="512" y="1792" width="128" height="256"/>
	<SubTexture name="alienGreen_jump.png" x="512" y="1536" width="128" height="256"/>
	<SubTexture name="alienGreen_stand.png" x="512" y="1280" width="128" height="256"/>
	<SubTexture name="alienGreen_swim1.png" x="512" y="1024" width="128" height="256"/>
	<SubTexture name="alienGreen_swim2.png" x="512" y="768" width="128" height="256"/>
	<SubTexture name="alienGreen_walk1.png" x="512" y="512" width="128" height="256"/>
	<SubTexture name="alienGreen_walk2.png" x="512" y="256" width="128" height="256"/>
	<SubTexture name="alienPink_climb1.png" x="512" y="0" width="128" height="256"/>
	<SubTexture name="alienPink_climb2.png" x="384" y="1792" width="128" height="256"/>
	<SubTexture name="alienPink_duck.png" x="384" y="1536" width="128" height="256"/>
	<SubTexture name="alienPink_front.png" x="384" y="1280" width="128" height="256"/>
	<SubTexture name="alienPink_hit.png" x="384" y="1024" width="128" height="256"/>
	<SubTexture name="alienPink_jump.png" x="768" y="1536" width="128" height="256"/>
	<SubTexture name="alienPink_stand.png" x="384" y="512" width="128" height="256"/>
	<SubTexture name="alienPink_swim1.png" x="384" y="256" width="128" height="256"/>
	<SubTexture name="alienPink_swim2.png" x="384" y="0" width="128" height="256"/>
	<SubTexture name="alienPink_walk1.png" x="256" y="1792" width="128" height="256"/>
	<SubTexture name="alienPink_walk2.png" x="256" y="1536" width="128" height="256"/>
	<SubTexture name="alienYellow_climb1.png" x="256" y="1280" width="128" height="256"/>
	<SubTexture name="alienYellow_climb2.png" x="256" y="1024" width="128" height="256"/>
	<SubTexture name="alienYellow_duck.png" x="256" y="768" width="128" height="256"/>
	<SubTexture name="alienYellow_front.png" x="256" y="512" width="128" height="256"/>
	<SubTexture name="alienYellow_hit.png" x="256" y="256" width="128" height="256"/>
	<SubTexture name="alienYellow_jump.png" x="256" y="0" width="128" height="256"/>
	<SubTexture name="alienYellow_stand.png" x="128" y="1792" width="128" height="256"/>
	<SubTexture name="alienYellow_swim1.png" x="128" y="1536" width="128" height="256"/>
	<SubTexture name="alienYellow_swim2.png" x="128" y="1280" width="128" height="256"/>
	<SubTexture name="alienYellow_walk1.png" x="128" y="1024" width="128" height="256"/>
	<SubTexture name="alienYellow_walk2.png" x="128" y="768" width="128" height="256"/>
</TextureAtlas>