<TextureAtlas imagePath="sprites.png">
	<SubTexture name="barnacle.png" x="390" y="1300" width="128" height="128"/>
	<SubTexture name="barnacle_attack.png" x="390" y="1170" width="128" height="128"/>
	<SubTexture name="barnacle_dead.png" x="390" y="1040" width="128" height="128"/>
	<SubTexture name="bee.png" x="390" y="910" width="128" height="128"/>
	<SubTexture name="bee_dead.png" x="390" y="780" width="128" height="128"/>
	<SubTexture name="bee_move.png" x="390" y="650" width="128" height="128"/>
	<SubTexture name="fishBlue.png" x="390" y="520" width="128" height="128"/>
	<SubTexture name="fishBlue_dead.png" x="390" y="390" width="128" height="128"/>
	<SubTexture name="fishBlue_fall.png" x="390" y="260" width="128" height="128"/>
	<SubTexture name="fishGreen.png" x="390" y="130" width="128" height="128"/>
	<SubTexture name="fishGreen_dead.png" x="390" y="0" width="128" height="128"/>
	<SubTexture name="fishGreen_move.png" x="260" y="1820" width="128" height="128"/>
	<SubTexture name="fishPink.png" x="260" y="1690" width="128" height="128"/>
	<SubTexture name="fishPink_dead.png" x="260" y="1560" width="128" height="128"/>
	<SubTexture name="fishPink_move.png" x="260" y="1430" width="128" height="128"/>
	<SubTexture name="fly.png" x="260" y="1300" width="128" height="128"/>
	<SubTexture name="fly_dead.png" x="260" y="1170" width="128" height="128"/>
	<SubTexture name="fly_move.png" x="260" y="1040" width="128" height="128"/>
	<SubTexture name="frog.png" x="260" y="910" width="128" height="128"/>
	<SubTexture name="frog_dead.png" x="260" y="780" width="128" height="128"/>
	<SubTexture name="frog_move.png" x="260" y="650" width="128" height="128"/>
	<SubTexture name="ladybug.png" x="260" y="520" width="128" height="128"/>
	<SubTexture name="ladybug_fly.png" x="260" y="390" width="128" height="128"/>
	<SubTexture name="ladybug_move.png" x="260" y="260" width="128" height="128"/>
	<SubTexture name="mouse.png" x="260" y="130" width="128" height="128"/>
	<SubTexture name="mouse_dead.png" x="260" y="0" width="128" height="128"/>
	<SubTexture name="mouse_move.png" x="130" y="1820" width="128" height="128"/>
	<SubTexture name="saw.png" x="390" y="1430" width="128" height="128"/>
	<SubTexture name="sawHalf.png" x="130" y="1300" width="128" height="128"/>
	<SubTexture name="sawHalf_dead.png" x="130" y="1170" width="128" height="128"/>
	<SubTexture name="sawHalf_move.png" x="130" y="1040" width="128" height="128"/>
	<SubTexture name="saw_dead.png" x="130" y="1560" width="128" height="128"/>
	<SubTexture name="saw_move.png" x="130" y="1430" width="128" height="128"/>
	<SubTexture name="slimeBlock.png" x="130" y="910" width="128" height="128"/>
	<SubTexture name="slimeBlock_dead.png" x="130" y="780" width="128" height="128"/>
	<SubTexture name="slimeBlock_move.png" x="130" y="650" width="128" height="128"/>
	<SubTexture name="slimeBlue.png" x="130" y="520" width="128" height="128"/>
	<SubTexture name="slimeBlue_dead.png" x="130" y="390" width="128" height="128"/>
	<SubTexture name="slimeBlue_hit.png" x="130" y="260" width="128" height="128"/>
	<SubTexture name="slimeBlue_move.png" x="130" y="130" width="128" height="128"/>
	<SubTexture name="slimeGreen.png" x="130" y="0" width="128" height="128"/>
	<SubTexture name="slimeGreen_dead.png" x="0" y="1820" width="128" height="128"/>
	<SubTexture name="slimeGreen_hit.png" x="0" y="1690" width="128" height="128"/>
	<SubTexture name="slimeGreen_move.png" x="0" y="1560" width="128" height="128"/>
	<SubTexture name="slimePurple.png" x="0" y="1430" width="128" height="128"/>
	<SubTexture name="slimePurple_dead.png" x="0" y="1300" width="128" height="128"/>
	<SubTexture name="slimePurple_hit.png" x="0" y="1170" width="128" height="128"/>
	<SubTexture name="slimePurple_move.png" x="0" y="1040" width="128" height="128"/>
	<SubTexture name="snail.png" x="0" y="910" width="128" height="128"/>
	<SubTexture name="snail_move.png" x="0" y="780" width="128" height="128"/>
	<SubTexture name="snail_shell.png" x="0" y="650" width="128" height="128"/>
	<SubTexture name="wormGreen.png" x="0" y="520" width="128" height="128"/>
	<SubTexture name="wormGreen_dead.png" x="0" y="390" width="128" height="128"/>
	<SubTexture name="wormGreen_move.png" x="0" y="260" width="128" height="128"/>
	<SubTexture name="wormPink.png" x="0" y="130" width="128" height="128"/>
	<SubTexture name="wormPink_dead.png" x="0" y="0" width="128" height="128"/>
	<SubTexture name="wormPink_move.png" x="130" y="1690" width="128" height="128"/>
</TextureAtlas>