<TextureAtlas imagePath="sheet.png">
	<SubTexture name="dirt.png" x="256" y="384" width="128" height="128"/>
	<SubTexture name="dirtCenter.png" x="256" y="256" width="128" height="128"/>
	<SubTexture name="dirtCenter_rounded.png" x="256" y="128" width="128" height="128"/>
	<SubTexture name="dirtCliffAlt_left.png" x="256" y="0" width="128" height="128"/>
	<SubTexture name="dirtCliffAlt_right.png" x="128" y="1920" width="128" height="128"/>
	<SubTexture name="dirtCliff_left.png" x="128" y="1792" width="128" height="128"/>
	<SubTexture name="dirtCliff_right.png" x="128" y="1664" width="128" height="128"/>
	<SubTexture name="dirtCorner_left.png" x="128" y="1536" width="128" height="128"/>
	<SubTexture name="dirtCorner_right.png" x="128" y="1408" width="128" height="128"/>
	<SubTexture name="dirtHalf.png" x="128" y="1280" width="128" height="128"/>
	<SubTexture name="dirtHalf_left.png" x="128" y="1152" width="128" height="128"/>
	<SubTexture name="dirtHalf_mid.png" x="128" y="1024" width="128" height="128"/>
	<SubTexture name="dirtHalf_right.png" x="128" y="896" width="128" height="128"/>
	<SubTexture name="dirtHill_left.png" x="128" y="768" width="128" height="128"/>
	<SubTexture name="dirtHill_right.png" x="128" y="640" width="128" height="128"/>
	<SubTexture name="dirtLeft.png" x="128" y="512" width="128" height="128"/>
	<SubTexture name="dirtMid.png" x="128" y="384" width="128" height="128"/>
	<SubTexture name="dirtRight.png" x="128" y="256" width="128" height="128"/>
	<SubTexture name="grass.png" x="128" y="128" width="128" height="128"/>
	<SubTexture name="grassCenter.png" x="128" y="0" width="128" height="128"/>
	<SubTexture name="grassCenter_round.png" x="0" y="1920" width="128" height="128"/>
	<SubTexture name="grassCliffAlt_left.png" x="0" y="1792" width="128" height="128"/>
	<SubTexture name="grassCliffAlt_right.png" x="0" y="1664" width="128" height="128"/>
	<SubTexture name="grassCliff_left.png" x="0" y="1536" width="128" height="128"/>
	<SubTexture name="grassCliff_right.png" x="0" y="1408" width="128" height="128"/>
	<SubTexture name="grassCorner_left.png" x="0" y="1280" width="128" height="128"/>
	<SubTexture name="grassCorner_right.png" x="0" y="1152" width="128" height="128"/>
	<SubTexture name="grassHalf.png" x="0" y="1024" width="128" height="128"/>
	<SubTexture name="grassHalf_left.png" x="0" y="896" width="128" height="128"/>
	<SubTexture name="grassHalf_mid.png" x="0" y="768" width="128" height="128"/>
	<SubTexture name="grassHalf_right.png" x="0" y="640" width="128" height="128"/>
	<SubTexture name="grassHill_left.png" x="0" y="512" width="128" height="128"/>
	<SubTexture name="grassHill_right.png" x="0" y="384" width="128" height="128"/>
	<SubTexture name="grassLeft.png" x="0" y="256" width="128" height="128"/>
	<SubTexture name="grassMid.png" x="0" y="128" width="128" height="128"/>
	<SubTexture name="grassRight.png" x="0" y="0" width="128" height="128"/>
	<SubTexture name="planet.png" x="384" y="640" width="128" height="128"/>
	<SubTexture name="planetCenter.png" x="768" y="1280" width="128" height="128"/>
	<SubTexture name="planetCenter_rounded.png" x="768" y="1152" width="128" height="128"/>
	<SubTexture name="planetCliffAlt_left.png" x="768" y="1024" width="128" height="128"/>
	<SubTexture name="planetCliffAlt_right.png" x="768" y="896" width="128" height="128"/>
	<SubTexture name="planetCliff_left.png" x="768" y="768" width="128" height="128"/>
	<SubTexture name="planetCliff_right.png" x="768" y="640" width="128" height="128"/>
	<SubTexture name="planetCorner_left.png" x="768" y="512" width="128" height="128"/>
	<SubTexture name="planetCorner_right.png" x="768" y="384" width="128" height="128"/>
	<SubTexture name="planetHalf.png" x="768" y="256" width="128" height="128"/>
	<SubTexture name="planetHalf_left.png" x="768" y="128" width="128" height="128"/>
	<SubTexture name="planetHalf_mid.png" x="768" y="0" width="128" height="128"/>
	<SubTexture name="planetHalf_right.png" x="640" y="1920" width="128" height="128"/>
	<SubTexture name="planetHill_left.png" x="640" y="1792" width="128" height="128"/>
	<SubTexture name="planetHill_right.png" x="640" y="1664" width="128" height="128"/>
	<SubTexture name="planetLeft.png" x="640" y="1536" width="128" height="128"/>
	<SubTexture name="planetMid.png" x="640" y="1408" width="128" height="128"/>
	<SubTexture name="planetRight.png" x="640" y="1280" width="128" height="128"/>
	<SubTexture name="sand.png" x="640" y="1152" width="128" height="128"/>
	<SubTexture name="sandCenter.png" x="640" y="1024" width="128" height="128"/>
	<SubTexture name="sandCenter_rounded.png" x="640" y="896" width="128" height="128"/>
	<SubTexture name="sandCliffAlt_left.png" x="640" y="768" width="128" height="128"/>
	<SubTexture name="sandCliffAlt_right.png" x="640" y="640" width="128" height="128"/>
	<SubTexture name="sandCliff_left.png" x="640" y="512" width="128" height="128"/>
	<SubTexture name="sandCliff_right.png" x="640" y="384" width="128" height="128"/>
	<SubTexture name="sandCorner_leftg.png" x="640" y="256" width="128" height="128"/>
	<SubTexture name="sandCorner_right.png" x="640" y="128" width="128" height="128"/>
	<SubTexture name="sandHalf.png" x="640" y="0" width="128" height="128"/>
	<SubTexture name="sandHalf_left.png" x="512" y="1920" width="128" height="128"/>
	<SubTexture name="sandHalf_mid.png" x="512" y="1792" width="128" height="128"/>
	<SubTexture name="sandHalf_right.png" x="512" y="1664" width="128" height="128"/>
	<SubTexture name="sandHill_left.png" x="512" y="1536" width="128" height="128"/>
	<SubTexture name="sandHill_right.png" x="512" y="1408" width="128" height="128"/>
	<SubTexture name="sandLeft.png" x="512" y="1280" width="128" height="128"/>
	<SubTexture name="sandMid.png" x="512" y="1152" width="128" height="128"/>
	<SubTexture name="sandRight.png" x="512" y="1024" width="128" height="128"/>
	<SubTexture name="snow.png" x="512" y="896" width="128" height="128"/>
	<SubTexture name="snowCenter.png" x="512" y="768" width="128" height="128"/>
	<SubTexture name="snowCenter_rounded.png" x="512" y="640" width="128" height="128"/>
	<SubTexture name="snowCliffAlt_left.png" x="512" y="512" width="128" height="128"/>
	<SubTexture name="snowCliffAlt_right.png" x="512" y="384" width="128" height="128"/>
	<SubTexture name="snowCliff_left.png" x="512" y="256" width="128" height="128"/>
	<SubTexture name="snowCliff_right.png" x="512" y="128" width="128" height="128"/>
	<SubTexture name="snowCorner_left.png" x="512" y="0" width="128" height="128"/>
	<SubTexture name="snowCorner_right.png" x="384" y="1920" width="128" height="128"/>
	<SubTexture name="snowHalf.png" x="384" y="1792" width="128" height="128"/>
	<SubTexture name="snowHalf_left.png" x="384" y="1664" width="128" height="128"/>
	<SubTexture name="snowHalf_mid.png" x="384" y="1536" width="128" height="128"/>
	<SubTexture name="snowHalf_right.png" x="384" y="1408" width="128" height="128"/>
	<SubTexture name="snowHill_left.png" x="384" y="1280" width="128" height="128"/>
	<SubTexture name="snowHill_right.png" x="384" y="1152" width="128" height="128"/>
	<SubTexture name="snowLeft.png" x="384" y="1024" width="128" height="128"/>
	<SubTexture name="snowMid.png" x="384" y="896" width="128" height="128"/>
	<SubTexture name="snowRight.png" x="384" y="768" width="128" height="128"/>
	<SubTexture name="stone.png" x="768" y="1408" width="128" height="128"/>
	<SubTexture name="stoneCenter.png" x="384" y="512" width="128" height="128"/>
	<SubTexture name="stoneCenter_rounded.png" x="384" y="384" width="128" height="128"/>
	<SubTexture name="stoneCliffAlt_left.png" x="384" y="256" width="128" height="128"/>
	<SubTexture name="stoneCliffAlt_right.png" x="384" y="128" width="128" height="128"/>
	<SubTexture name="stoneCliff_left.png" x="384" y="0" width="128" height="128"/>
	<SubTexture name="stoneCliff_right.png" x="256" y="1920" width="128" height="128"/>
	<SubTexture name="stoneCorner_left.png" x="256" y="1792" width="128" height="128"/>
	<SubTexture name="stoneCorner_right.png" x="256" y="1664" width="128" height="128"/>
	<SubTexture name="stoneHalf.png" x="256" y="1536" width="128" height="128"/>
	<SubTexture name="stoneHalf_left.png" x="256" y="1408" width="128" height="128"/>
	<SubTexture name="stoneHalf_mid.png" x="256" y="1280" width="128" height="128"/>
	<SubTexture name="stoneHalf_right.png" x="256" y="1152" width="128" height="128"/>
	<SubTexture name="stoneHill_left.png" x="256" y="1024" width="128" height="128"/>
	<SubTexture name="stoneHill_right.png" x="256" y="896" width="128" height="128"/>
	<SubTexture name="stoneLeft.png" x="256" y="768" width="128" height="128"/>
	<SubTexture name="stoneMid.png" x="256" y="640" width="128" height="128"/>
	<SubTexture name="stoneRight.png" x="256" y="512" width="128" height="128"/>
</TextureAtlas>