<TextureAtlas imagePath="sheet.png">
	<SubTexture name="coinBronze.png" x="384" y="0" width="128" height="128"/>
	<SubTexture name="coinGold.png" x="640" y="384" width="128" height="128"/>
	<SubTexture name="coinSilver.png" x="256" y="256" width="128" height="128"/>
	<SubTexture name="flagBlue1.png" x="256" y="0" width="128" height="128"/>
	<SubTexture name="flagBlue2.png" x="128" y="384" width="128" height="128"/>
	<SubTexture name="flagBlue_down.png" x="256" y="128" width="128" height="128"/>
	<SubTexture name="flagGreen1.png" x="128" y="128" width="128" height="128"/>
	<SubTexture name="flagGreen2.png" x="128" y="0" width="128" height="128"/>
	<SubTexture name="flagGreen_down.png" x="128" y="256" width="128" height="128"/>
	<SubTexture name="flagRed1.png" x="0" y="256" width="128" height="128"/>
	<SubTexture name="flagRed2.png" x="0" y="128" width="128" height="128"/>
	<SubTexture name="flagRed_down.png" x="0" y="384" width="128" height="128"/>
	<SubTexture name="flagYellow1.png" x="256" y="384" width="128" height="128"/>
	<SubTexture name="flagYellow2.png" x="640" y="256" width="128" height="128"/>
	<SubTexture name="flagYellow_down.png" x="0" y="0" width="128" height="128"/>
	<SubTexture name="gemBlue.png" x="640" y="128" width="128" height="128"/>
	<SubTexture name="gemGreen.png" x="640" y="0" width="128" height="128"/>
	<SubTexture name="gemRed.png" x="512" y="384" width="128" height="128"/>
	<SubTexture name="gemYellow.png" x="512" y="256" width="128" height="128"/>
	<SubTexture name="keyBlue.png" x="512" y="128" width="128" height="128"/>
	<SubTexture name="keyGreen.png" x="512" y="0" width="128" height="128"/>
	<SubTexture name="keyRed.png" x="384" y="384" width="128" height="128"/>
	<SubTexture name="keyYellow.png" x="384" y="256" width="128" height="128"/>
	<SubTexture name="star.png" x="384" y="128" width="128" height="128"/>
</TextureAtlas>