<TextureAtlas imagePath="sprites.png">
	<SubTexture name="alienBeige_climb1.png" x="910" y="1290" width="128" height="256"/>
	<SubTexture name="alienBeige_climb2.png" x="910" y="1032" width="128" height="256"/>
	<SubTexture name="alienBeige_duck.png" x="910" y="774" width="128" height="256"/>
	<SubTexture name="alienBeige_front.png" x="910" y="516" width="128" height="256"/>
	<SubTexture name="alienBeige_hit.png" x="910" y="258" width="128" height="256"/>
	<SubTexture name="alienBeige_jump.png" x="910" y="0" width="128" height="256"/>
	<SubTexture name="alienBeige_stand.png" x="780" y="1548" width="128" height="256"/>
	<SubTexture name="alienBeige_swim1.png" x="780" y="1290" width="128" height="256"/>
	<SubTexture name="alienBeige_swim2.png" x="780" y="1032" width="128" height="256"/>
	<SubTexture name="alienBeige_walk1.png" x="780" y="774" width="128" height="256"/>
	<SubTexture name="alienBeige_walk2.png" x="780" y="516" width="128" height="256"/>
	<SubTexture name="alienBlue_climb1.png" x="780" y="258" width="128" height="256"/>
	<SubTexture name="alienBlue_climb2.png" x="780" y="0" width="128" height="256"/>
	<SubTexture name="alienBlue_duck.png" x="650" y="1548" width="128" height="256"/>
	<SubTexture name="alienBlue_front.png" x="650" y="1290" width="128" height="256"/>
	<SubTexture name="alienBlue_hit.png" x="650" y="1032" width="128" height="256"/>
	<SubTexture name="alienBlue_jump.png" x="650" y="774" width="128" height="256"/>
	<SubTexture name="alienBlue_stand.png" x="650" y="516" width="128" height="256"/>
	<SubTexture name="alienBlue_swim1.png" x="650" y="258" width="128" height="256"/>
	<SubTexture name="alienBlue_swim2.png" x="650" y="0" width="128" height="256"/>
	<SubTexture name="alienBlue_walk1.png" x="520" y="1548" width="128" height="256"/>
	<SubTexture name="alienBlue_walk2.png" x="520" y="1290" width="128" height="256"/>
	<SubTexture name="alienGreen_climb1.png" x="520" y="1032" width="128" height="256"/>
	<SubTexture name="alienGreen_climb2.png" x="520" y="774" width="128" height="256"/>
	<SubTexture name="alienGreen_duck.png" x="520" y="516" width="128" height="256"/>
	<SubTexture name="alienGreen_front.png" x="520" y="258" width="128" height="256"/>
	<SubTexture name="alienGreen_hit.png" x="520" y="0" width="128" height="256"/>
	<SubTexture name="alienGreen_jump.png" x="390" y="1548" width="128" height="256"/>
	<SubTexture name="alienGreen_stand.png" x="390" y="1290" width="128" height="256"/>
	<SubTexture name="alienGreen_swim1.png" x="390" y="1032" width="128" height="256"/>
	<SubTexture name="alienGreen_swim2.png" x="390" y="774" width="128" height="256"/>
	<SubTexture name="alienGreen_walk1.png" x="390" y="516" width="128" height="256"/>
	<SubTexture name="alienGreen_walk2.png" x="390" y="258" width="128" height="256"/>
	<SubTexture name="alienPink_climb1.png" x="390" y="0" width="128" height="256"/>
	<SubTexture name="alienPink_climb2.png" x="260" y="1548" width="128" height="256"/>
	<SubTexture name="alienPink_duck.png" x="260" y="1290" width="128" height="256"/>
	<SubTexture name="alienPink_front.png" x="260" y="1032" width="128" height="256"/>
	<SubTexture name="alienPink_hit.png" x="260" y="774" width="128" height="256"/>
	<SubTexture name="alienPink_jump.png" x="260" y="516" width="128" height="256"/>
	<SubTexture name="alienPink_stand.png" x="260" y="258" width="128" height="256"/>
	<SubTexture name="alienPink_swim1.png" x="260" y="0" width="128" height="256"/>
	<SubTexture name="alienPink_swim2.png" x="130" y="1548" width="128" height="256"/>
	<SubTexture name="alienPink_walk1.png" x="130" y="1290" width="128" height="256"/>
	<SubTexture name="alienPink_walk2.png" x="130" y="1032" width="128" height="256"/>
	<SubTexture name="alienYellow_climb1.png" x="130" y="774" width="128" height="256"/>
	<SubTexture name="alienYellow_climb2.png" x="130" y="516" width="128" height="256"/>
	<SubTexture name="alienYellow_duck.png" x="130" y="258" width="128" height="256"/>
	<SubTexture name="alienYellow_front.png" x="130" y="0" width="128" height="256"/>
	<SubTexture name="alienYellow_hit.png" x="0" y="1548" width="128" height="256"/>
	<SubTexture name="alienYellow_jump.png" x="0" y="1290" width="128" height="256"/>
	<SubTexture name="alienYellow_stand.png" x="0" y="1032" width="128" height="256"/>
	<SubTexture name="alienYellow_swim1.png" x="0" y="774" width="128" height="256"/>
	<SubTexture name="alienYellow_swim2.png" x="0" y="516" width="128" height="256"/>
	<SubTexture name="alienYellow_walk1.png" x="0" y="258" width="128" height="256"/>
	<SubTexture name="alienYellow_walk2.png" x="0" y="0" width="128" height="256"/>
	<SubTexture name="barnacle.png" x="1950" y="910" width="128" height="128"/>
	<SubTexture name="barnacle_attack.png" x="3250" y="650" width="128" height="128"/>
	<SubTexture name="barnacle_dead.png" x="3250" y="520" width="128" height="128"/>
	<SubTexture name="bee.png" x="3510" y="130" width="128" height="128"/>
	<SubTexture name="bee_dead.png" x="3510" y="0" width="128" height="128"/>
	<SubTexture name="bee_move.png" x="3380" y="1820" width="128" height="128"/>
	<SubTexture name="bomb.png" x="2470" y="520" width="128" height="128"/>
	<SubTexture name="bombWhite.png" x="2470" y="390" width="128" height="128"/>
	<SubTexture name="boxCoin.png" x="2470" y="260" width="128" height="128"/>
	<SubTexture name="boxCoin_boxed.png" x="2470" y="130" width="128" height="128"/>
	<SubTexture name="boxCoin_disabled.png" x="2470" y="0" width="128" height="128"/>
	<SubTexture name="boxCoin_disabled_boxed.png" x="2340" y="1820" width="128" height="128"/>
	<SubTexture name="boxCrate.png" x="2340" y="1690" width="128" height="128"/>
	<SubTexture name="boxCrate_double.png" x="2340" y="1560" width="128" height="128"/>
	<SubTexture name="boxCrate_single.png" x="2340" y="1430" width="128" height="128"/>
	<SubTexture name="boxCrate_warning.png" x="2340" y="1300" width="128" height="128"/>
	<SubTexture name="boxExplosive.png" x="2340" y="1170" width="128" height="128"/>
	<SubTexture name="boxExplosive_disabled.png" x="2340" y="1040" width="128" height="128"/>
	<SubTexture name="boxExplosive_used.png" x="2340" y="910" width="128" height="128"/>
	<SubTexture name="boxItem.png" x="2340" y="780" width="128" height="128"/>
	<SubTexture name="boxItem_boxed.png" x="2340" y="650" width="128" height="128"/>
	<SubTexture name="boxItem_disabled.png" x="2340" y="520" width="128" height="128"/>
	<SubTexture name="boxItem_disabled_boxed.png" x="2340" y="390" width="128" height="128"/>
	<SubTexture name="brickBrown.png" x="2340" y="260" width="128" height="128"/>
	<SubTexture name="brickBrown.png" x="2340" y="260" width="128" height="128"/>
	<SubTexture name="brickGrey.png" x="2340" y="130" width="128" height="128"/>
	<SubTexture name="brickGrey.png" x="2340" y="130" width="128" height="128"/>
	<SubTexture name="bridgeA.png" x="2340" y="0" width="128" height="128"/>
	<SubTexture name="bridgeB.png" x="2210" y="1820" width="128" height="128"/>
	<SubTexture name="bush.png" x="2210" y="1690" width="128" height="128"/>
	<SubTexture name="cactus.png" x="2210" y="1560" width="128" height="128"/>
	<SubTexture name="chain.png" x="2210" y="1430" width="128" height="128"/>
	<SubTexture name="coinBronze.png" x="2730" y="130" width="128" height="128"/>
	<SubTexture name="coinGold.png" x="2730" y="0" width="128" height="128"/>
	<SubTexture name="coinSilver.png" x="2600" y="1820" width="128" height="128"/>
	<SubTexture name="dirt.png" x="1820" y="910" width="128" height="128"/>
	<SubTexture name="dirtCenter.png" x="1820" y="780" width="128" height="128"/>
	<SubTexture name="dirtCenter_rounded.png" x="1820" y="650" width="128" height="128"/>
	<SubTexture name="dirtCliffAlt_left.png" x="1820" y="520" width="128" height="128"/>
	<SubTexture name="dirtCliffAlt_right.png" x="1820" y="390" width="128" height="128"/>
	<SubTexture name="dirtCliff_left.png" x="1820" y="260" width="128" height="128"/>
	<SubTexture name="dirtCliff_right.png" x="1820" y="130" width="128" height="128"/>
	<SubTexture name="dirtCorner_left.png" x="1820" y="0" width="128" height="128"/>
	<SubTexture name="dirtCorner_right.png" x="1690" y="1820" width="128" height="128"/>
	<SubTexture name="dirtHalf.png" x="1690" y="1690" width="128" height="128"/>
	<SubTexture name="dirtHalf_left.png" x="1690" y="1560" width="128" height="128"/>
	<SubTexture name="dirtHalf_mid.png" x="1690" y="1430" width="128" height="128"/>
	<SubTexture name="dirtHalf_right.png" x="1690" y="1300" width="128" height="128"/>
	<SubTexture name="dirtHill_left.png" x="1690" y="1170" width="128" height="128"/>
	<SubTexture name="dirtHill_right.png" x="1690" y="1040" width="128" height="128"/>
	<SubTexture name="dirtLeft.png" x="1690" y="910" width="128" height="128"/>
	<SubTexture name="dirtMid.png" x="1690" y="780" width="128" height="128"/>
	<SubTexture name="dirtRight.png" x="1690" y="650" width="128" height="128"/>
	<SubTexture name="doorClosed_mid.png" x="2210" y="1300" width="128" height="128"/>
	<SubTexture name="doorClosed_top.png" x="2210" y="1170" width="128" height="128"/>
	<SubTexture name="doorOpen_mid.png" x="2210" y="1040" width="128" height="128"/>
	<SubTexture name="doorOpen_top.png" x="2210" y="910" width="128" height="128"/>
	<SubTexture name="fence.png" x="2210" y="780" width="128" height="128"/>
	<SubTexture name="fenceBroken.png" x="2210" y="650" width="128" height="128"/>
	<SubTexture name="fireball.png" x="2470" y="650" width="128" height="128"/>
	<SubTexture name="fishBlue.png" x="3380" y="1690" width="128" height="128"/>
	<SubTexture name="fishBlue_dead.png" x="3380" y="1560" width="128" height="128"/>
	<SubTexture name="fishBlue_fall.png" x="3380" y="1430" width="128" height="128"/>
	<SubTexture name="fishGreen.png" x="3380" y="1300" width="128" height="128"/>
	<SubTexture name="fishGreen_dead.png" x="3380" y="1170" width="128" height="128"/>
	<SubTexture name="fishGreen_move.png" x="3380" y="1040" width="128" height="128"/>
	<SubTexture name="fishPink.png" x="3380" y="910" width="128" height="128"/>
	<SubTexture name="fishPink_dead.png" x="3380" y="780" width="128" height="128"/>
	<SubTexture name="fishPink_move.png" x="3380" y="650" width="128" height="128"/>
	<SubTexture name="flagBlue1.png" x="2600" y="1690" width="128" height="128"/>
	<SubTexture name="flagBlue2.png" x="2600" y="1560" width="128" height="128"/>
	<SubTexture name="flagBlue_down.png" x="2600" y="1430" width="128" height="128"/>
	<SubTexture name="flagGreen1.png" x="2600" y="1300" width="128" height="128"/>
	<SubTexture name="flagGreen2.png" x="2600" y="1170" width="128" height="128"/>
	<SubTexture name="flagGreen_down.png" x="2600" y="1040" width="128" height="128"/>
	<SubTexture name="flagRed1.png" x="2600" y="910" width="128" height="128"/>
	<SubTexture name="flagRed2.png" x="2600" y="780" width="128" height="128"/>
	<SubTexture name="flagRed_down.png" x="2600" y="650" width="128" height="128"/>
	<SubTexture name="flagYellow1.png" x="2600" y="520" width="128" height="128"/>
	<SubTexture name="flagYellow2.png" x="2600" y="390" width="128" height="128"/>
	<SubTexture name="flagYellow_down.png" x="2600" y="260" width="128" height="128"/>
	<SubTexture name="fly.png" x="3380" y="520" width="128" height="128"/>
	<SubTexture name="fly_dead.png" x="3380" y="390" width="128" height="128"/>
	<SubTexture name="fly_move.png" x="3380" y="260" width="128" height="128"/>
	<SubTexture name="frog.png" x="3380" y="130" width="128" height="128"/>
	<SubTexture name="frog_dead.png" x="3380" y="0" width="128" height="128"/>
	<SubTexture name="frog_move.png" x="3250" y="1820" width="128" height="128"/>
	<SubTexture name="gemBlue.png" x="2600" y="130" width="128" height="128"/>
	<SubTexture name="gemGreen.png" x="2600" y="0" width="128" height="128"/>
	<SubTexture name="gemRed.png" x="2470" y="1820" width="128" height="128"/>
	<SubTexture name="gemYellow.png" x="2470" y="1690" width="128" height="128"/>
	<SubTexture name="grass.png" x="1690" y="520" width="128" height="128"/>
	<SubTexture name="grass.png" x="1690" y="520" width="128" height="128"/>
	<SubTexture name="grassCenter.png" x="1690" y="390" width="128" height="128"/>
	<SubTexture name="grassCenter_round.png" x="1690" y="260" width="128" height="128"/>
	<SubTexture name="grassCliffAlt_left.png" x="1690" y="130" width="128" height="128"/>
	<SubTexture name="grassCliffAlt_right.png" x="1690" y="0" width="128" height="128"/>
	<SubTexture name="grassCliff_left.png" x="1560" y="1820" width="128" height="128"/>
	<SubTexture name="grassCliff_right.png" x="1560" y="1690" width="128" height="128"/>
	<SubTexture name="grassCorner_left.png" x="1560" y="1560" width="128" height="128"/>
	<SubTexture name="grassCorner_right.png" x="1560" y="1430" width="128" height="128"/>
	<SubTexture name="grassHalf.png" x="1560" y="1300" width="128" height="128"/>
	<SubTexture name="grassHalf_left.png" x="1560" y="1170" width="128" height="128"/>
	<SubTexture name="grassHalf_mid.png" x="1560" y="1040" width="128" height="128"/>
	<SubTexture name="grassHalf_right.png" x="1560" y="910" width="128" height="128"/>
	<SubTexture name="grassHill_left.png" x="1560" y="780" width="128" height="128"/>
	<SubTexture name="grassHill_right.png" x="1560" y="650" width="128" height="128"/>
	<SubTexture name="grassLeft.png" x="1560" y="520" width="128" height="128"/>
	<SubTexture name="grassMid.png" x="1560" y="390" width="128" height="128"/>
	<SubTexture name="grassRight.png" x="1560" y="260" width="128" height="128"/>
	<SubTexture name="hud0.png" x="2990" y="910" width="128" height="128"/>
	<SubTexture name="hud1.png" x="2990" y="650" width="128" height="128"/>
	<SubTexture name="hud2.png" x="2470" y="910" width="128" height="128"/>
	<SubTexture name="hud3.png" x="2990" y="520" width="128" height="128"/>
	<SubTexture name="hud4.png" x="2990" y="390" width="128" height="128"/>
	<SubTexture name="hud5.png" x="2990" y="260" width="128" height="128"/>
	<SubTexture name="hud6.png" x="2990" y="130" width="128" height="128"/>
	<SubTexture name="hud7.png" x="2990" y="0" width="128" height="128"/>
	<SubTexture name="hud8.png" x="2860" y="1820" width="128" height="128"/>
	<SubTexture name="hud9.png" x="2860" y="1690" width="128" height="128"/>
	<SubTexture name="hudCoin.png" x="2860" y="1560" width="128" height="128"/>
	<SubTexture name="hudHeart_empty.png" x="2860" y="1430" width="128" height="128"/>
	<SubTexture name="hudHeart_full.png" x="2860" y="1300" width="128" height="128"/>
	<SubTexture name="hudHeart_half.png" x="2860" y="1170" width="128" height="128"/>
	<SubTexture name="hudJewel_blue.png" x="2860" y="1040" width="128" height="128"/>
	<SubTexture name="hudJewel_blue_empty.png" x="2860" y="910" width="128" height="128"/>
	<SubTexture name="hudJewel_green.png" x="2860" y="780" width="128" height="128"/>
	<SubTexture name="hudJewel_green_empty.png" x="2860" y="650" width="128" height="128"/>
	<SubTexture name="hudJewel_red.png" x="2860" y="520" width="128" height="128"/>
	<SubTexture name="hudJewel_red_empty.png" x="2860" y="390" width="128" height="128"/>
	<SubTexture name="hudJewel_yellow.png" x="2860" y="260" width="128" height="128"/>
	<SubTexture name="hudJewel_yellow_empty.png" x="2860" y="130" width="128" height="128"/>
	<SubTexture name="hudKey_blue.png" x="2860" y="0" width="128" height="128"/>
	<SubTexture name="hudKey_blue_empty.png" x="2730" y="1820" width="128" height="128"/>
	<SubTexture name="hudKey_green.png" x="2730" y="1690" width="128" height="128"/>
	<SubTexture name="hudKey_green_empty.png" x="2730" y="1560" width="128" height="128"/>
	<SubTexture name="hudKey_red.png" x="2730" y="1430" width="128" height="128"/>
	<SubTexture name="hudKey_red_empty.png" x="2730" y="1300" width="128" height="128"/>
	<SubTexture name="hudKey_yellow.png" x="2730" y="1170" width="128" height="128"/>
	<SubTexture name="hudKey_yellow_empty.png" x="2730" y="1040" width="128" height="128"/>
	<SubTexture name="hudPlayer_beige.png" x="2730" y="910" width="128" height="128"/>
	<SubTexture name="hudPlayer_blue.png" x="2730" y="780" width="128" height="128"/>
	<SubTexture name="hudPlayer_green.png" x="2730" y="650" width="128" height="128"/>
	<SubTexture name="hudPlayer_pink.png" x="2730" y="520" width="128" height="128"/>
	<SubTexture name="hudPlayer_yellow.png" x="2730" y="390" width="128" height="128"/>
	<SubTexture name="hudX.png" x="2730" y="260" width="128" height="128"/>
	<SubTexture name="keyBlue.png" x="2470" y="1560" width="128" height="128"/>
	<SubTexture name="keyGreen.png" x="2470" y="1430" width="128" height="128"/>
	<SubTexture name="keyRed.png" x="2470" y="1300" width="128" height="128"/>
	<SubTexture name="keyYellow.png" x="2470" y="1170" width="128" height="128"/>
	<SubTexture name="ladderMid.png" x="2210" y="390" width="128" height="128"/>
	<SubTexture name="ladderTop.png" x="2210" y="260" width="128" height="128"/>
	<SubTexture name="ladybug.png" x="3250" y="1690" width="128" height="128"/>
	<SubTexture name="ladybug_fly.png" x="3250" y="1560" width="128" height="128"/>
	<SubTexture name="ladybug_move.png" x="3250" y="1430" width="128" height="128"/>
	<SubTexture name="lava.png" x="2210" y="130" width="128" height="128"/>
	<SubTexture name="lavaTop_high.png" x="2210" y="0" width="128" height="128"/>
	<SubTexture name="lavaTop_low.png" x="2080" y="1820" width="128" height="128"/>
	<SubTexture name="leverLeft.png" x="2080" y="1690" width="128" height="128"/>
	<SubTexture name="leverMid.png" x="2080" y="1560" width="128" height="128"/>
	<SubTexture name="leverRight.png" x="2080" y="1430" width="128" height="128"/>
	<SubTexture name="lockBlue.png" x="2080" y="1300" width="128" height="128"/>
	<SubTexture name="lockGreen.png" x="2080" y="1170" width="128" height="128"/>
	<SubTexture name="lockRed.png" x="2080" y="1040" width="128" height="128"/>
	<SubTexture name="lockYellow.png" x="2080" y="910" width="128" height="128"/>
	<SubTexture name="mouse.png" x="3250" y="1300" width="128" height="128"/>
	<SubTexture name="mouse_dead.png" x="3250" y="1170" width="128" height="128"/>
	<SubTexture name="mouse_move.png" x="3250" y="1040" width="128" height="128"/>
	<SubTexture name="mushroomBrown.png" x="2080" y="780" width="128" height="128"/>
	<SubTexture name="mushroomRed.png" x="2080" y="650" width="128" height="128"/>
	<SubTexture name="planet.png" x="1560" y="130" width="128" height="128"/>
	<SubTexture name="planetCenter.png" x="1560" y="0" width="128" height="128"/>
	<SubTexture name="planetCenter_rounded.png" x="1430" y="1820" width="128" height="128"/>
	<SubTexture name="planetCliffAlt_left.png" x="1430" y="1690" width="128" height="128"/>
	<SubTexture name="planetCliffAlt_right.png" x="1430" y="1560" width="128" height="128"/>
	<SubTexture name="planetCliff_left.png" x="1430" y="1430" width="128" height="128"/>
	<SubTexture name="planetCliff_right.png" x="1430" y="1300" width="128" height="128"/>
	<SubTexture name="planetCorner_left.png" x="1430" y="1170" width="128" height="128"/>
	<SubTexture name="planetCorner_right.png" x="1430" y="1040" width="128" height="128"/>
	<SubTexture name="planetHalf.png" x="1430" y="910" width="128" height="128"/>
	<SubTexture name="planetHalf_left.png" x="1430" y="780" width="128" height="128"/>
	<SubTexture name="planetHalf_mid.png" x="1430" y="650" width="128" height="128"/>
	<SubTexture name="planetHalf_right.png" x="1430" y="520" width="128" height="128"/>
	<SubTexture name="planetHill_left.png" x="1430" y="390" width="128" height="128"/>
	<SubTexture name="planetHill_right.png" x="1430" y="260" width="128" height="128"/>
	<SubTexture name="planetLeft.png" x="1430" y="130" width="128" height="128"/>
	<SubTexture name="planetMid.png" x="1430" y="0" width="128" height="128"/>
	<SubTexture name="planetRight.png" x="1300" y="1820" width="128" height="128"/>
	<SubTexture name="plantPurple.png" x="2080" y="520" width="128" height="128"/>
	<SubTexture name="rock.png" x="2080" y="390" width="128" height="128"/>
	<SubTexture name="sand.png" x="1300" y="1690" width="128" height="128"/>
	<SubTexture name="sandCenter.png" x="1300" y="1560" width="128" height="128"/>
	<SubTexture name="sandCenter_rounded.png" x="1300" y="1430" width="128" height="128"/>
	<SubTexture name="sandCliffAlt_left.png" x="1300" y="1300" width="128" height="128"/>
	<SubTexture name="sandCliffAlt_right.png" x="1300" y="1170" width="128" height="128"/>
	<SubTexture name="sandCliff_left.png" x="1300" y="1040" width="128" height="128"/>
	<SubTexture name="sandCliff_right.png" x="1300" y="910" width="128" height="128"/>
	<SubTexture name="sandCorner_leftg.png" x="1300" y="780" width="128" height="128"/>
	<SubTexture name="sandCorner_right.png" x="1300" y="650" width="128" height="128"/>
	<SubTexture name="sandHalf.png" x="1300" y="520" width="128" height="128"/>
	<SubTexture name="sandHalf_left.png" x="1300" y="390" width="128" height="128"/>
	<SubTexture name="sandHalf_mid.png" x="1300" y="260" width="128" height="128"/>
	<SubTexture name="sandHalf_right.png" x="1300" y="130" width="128" height="128"/>
	<SubTexture name="sandHill_left.png" x="1300" y="0" width="128" height="128"/>
	<SubTexture name="sandHill_right.png" x="1170" y="1820" width="128" height="128"/>
	<SubTexture name="sandLeft.png" x="1170" y="1690" width="128" height="128"/>
	<SubTexture name="sandMid.png" x="1170" y="1560" width="128" height="128"/>
	<SubTexture name="sandRight.png" x="1170" y="1430" width="128" height="128"/>
	<SubTexture name="saw.png" x="3250" y="910" width="128" height="128"/>
	<SubTexture name="sawHalf.png" x="3250" y="780" width="128" height="128"/>
	<SubTexture name="sawHalf_dead.png" x="2990" y="780" width="128" height="128"/>
	<SubTexture name="sawHalf_move.png" x="3510" y="260" width="128" height="128"/>
	<SubTexture name="saw_dead.png" x="3250" y="390" width="128" height="128"/>
	<SubTexture name="saw_move.png" x="3250" y="260" width="128" height="128"/>
	<SubTexture name="sign.png" x="2080" y="260" width="128" height="128"/>
	<SubTexture name="signExit.png" x="2080" y="130" width="128" height="128"/>
	<SubTexture name="signLeft.png" x="2080" y="0" width="128" height="128"/>
	<SubTexture name="signRight.png" x="1950" y="1820" width="128" height="128"/>
	<SubTexture name="slimeBlock.png" x="3250" y="130" width="128" height="128"/>
	<SubTexture name="slimeBlock_dead.png" x="3250" y="0" width="128" height="128"/>
	<SubTexture name="slimeBlock_move.png" x="3120" y="1820" width="128" height="128"/>
	<SubTexture name="slimeBlue.png" x="3120" y="1690" width="128" height="128"/>
	<SubTexture name="slimeBlue_dead.png" x="3120" y="1560" width="128" height="128"/>
	<SubTexture name="slimeBlue_hit.png" x="3120" y="1430" width="128" height="128"/>
	<SubTexture name="slimeBlue_move.png" x="3120" y="1300" width="128" height="128"/>
	<SubTexture name="slimeGreen.png" x="3120" y="1170" width="128" height="128"/>
	<SubTexture name="slimeGreen_dead.png" x="3120" y="1040" width="128" height="128"/>
	<SubTexture name="slimeGreen_hit.png" x="3120" y="910" width="128" height="128"/>
	<SubTexture name="slimeGreen_move.png" x="3120" y="780" width="128" height="128"/>
	<SubTexture name="slimePurple.png" x="3120" y="650" width="128" height="128"/>
	<SubTexture name="slimePurple_dead.png" x="3120" y="520" width="128" height="128"/>
	<SubTexture name="slimePurple_hit.png" x="3120" y="390" width="128" height="128"/>
	<SubTexture name="slimePurple_move.png" x="3120" y="260" width="128" height="128"/>
	<SubTexture name="snail.png" x="3120" y="130" width="128" height="128"/>
	<SubTexture name="snail_move.png" x="3120" y="0" width="128" height="128"/>
	<SubTexture name="snail_shell.png" x="2990" y="1820" width="128" height="128"/>
	<SubTexture name="snow.png" x="1170" y="1300" width="128" height="128"/>
	<SubTexture name="snow.png" x="1170" y="1300" width="128" height="128"/>
	<SubTexture name="snowCenter.png" x="1170" y="1170" width="128" height="128"/>
	<SubTexture name="snowCenter_rounded.png" x="1170" y="1040" width="128" height="128"/>
	<SubTexture name="snowCliffAlt_left.png" x="1170" y="910" width="128" height="128"/>
	<SubTexture name="snowCliffAlt_right.png" x="1170" y="780" width="128" height="128"/>
	<SubTexture name="snowCliff_left.png" x="1170" y="650" width="128" height="128"/>
	<SubTexture name="snowCliff_right.png" x="1170" y="520" width="128" height="128"/>
	<SubTexture name="snowCorner_left.png" x="1170" y="390" width="128" height="128"/>
	<SubTexture name="snowCorner_right.png" x="1170" y="260" width="128" height="128"/>
	<SubTexture name="snowHalf.png" x="1170" y="130" width="128" height="128"/>
	<SubTexture name="snowHalf_left.png" x="1170" y="0" width="128" height="128"/>
	<SubTexture name="snowHalf_mid.png" x="1040" y="1820" width="128" height="128"/>
	<SubTexture name="snowHalf_right.png" x="1040" y="1690" width="128" height="128"/>
	<SubTexture name="snowHill_left.png" x="1040" y="1560" width="128" height="128"/>
	<SubTexture name="snowHill_right.png" x="1040" y="1430" width="128" height="128"/>
	<SubTexture name="snowLeft.png" x="1040" y="1300" width="128" height="128"/>
	<SubTexture name="snowMid.png" x="1040" y="1170" width="128" height="128"/>
	<SubTexture name="snowRight.png" x="1040" y="1040" width="128" height="128"/>
	<SubTexture name="spikes.png" x="1950" y="1560" width="128" height="128"/>
	<SubTexture name="spring.png" x="1950" y="1430" width="128" height="128"/>
	<SubTexture name="sprung.png" x="1950" y="1300" width="128" height="128"/>
	<SubTexture name="star.png" x="2470" y="1040" width="128" height="128"/>
	<SubTexture name="stone.png" x="1040" y="910" width="128" height="128"/>
	<SubTexture name="stoneCenter.png" x="1040" y="780" width="128" height="128"/>
	<SubTexture name="stoneCenter_rounded.png" x="1040" y="650" width="128" height="128"/>
	<SubTexture name="stoneCliffAlt_left.png" x="1040" y="520" width="128" height="128"/>
	<SubTexture name="stoneCliffAlt_right.png" x="1040" y="390" width="128" height="128"/>
	<SubTexture name="stoneCliff_left.png" x="1040" y="260" width="128" height="128"/>
	<SubTexture name="stoneCliff_right.png" x="1040" y="130" width="128" height="128"/>
	<SubTexture name="stoneCorner_left.png" x="1040" y="0" width="128" height="128"/>
	<SubTexture name="stoneCorner_right.png" x="910" y="1808" width="128" height="128"/>
	<SubTexture name="stoneHalf.png" x="910" y="1678" width="128" height="128"/>
	<SubTexture name="stoneHalf_left.png" x="910" y="1548" width="128" height="128"/>
	<SubTexture name="stoneHalf_mid.png" x="780" y="1806" width="128" height="128"/>
	<SubTexture name="stoneHalf_right.png" x="650" y="1806" width="128" height="128"/>
	<SubTexture name="stoneHill_left.png" x="520" y="1806" width="128" height="128"/>
	<SubTexture name="stoneHill_right.png" x="390" y="1806" width="128" height="128"/>
	<SubTexture name="stoneLeft.png" x="260" y="1806" width="128" height="128"/>
	<SubTexture name="stoneMid.png" x="130" y="1806" width="128" height="128"/>
	<SubTexture name="stoneRight.png" x="0" y="1806" width="128" height="128"/>
	<SubTexture name="switchBlue.png" x="1950" y="1170" width="128" height="128"/>
	<SubTexture name="switchBlue_pressed.png" x="1950" y="1040" width="128" height="128"/>
	<SubTexture name="switchGreen.png" x="2470" y="780" width="128" height="128"/>
	<SubTexture name="switchGreen_pressed.png" x="1950" y="780" width="128" height="128"/>
	<SubTexture name="switchRed.png" x="1950" y="650" width="128" height="128"/>
	<SubTexture name="switchRed_pressed.png" x="1950" y="520" width="128" height="128"/>
	<SubTexture name="switchYellow.png" x="1950" y="390" width="128" height="128"/>
	<SubTexture name="switchYellow_pressed.png" x="1950" y="260" width="128" height="128"/>
	<SubTexture name="torch1.png" x="1950" y="130" width="128" height="128"/>
	<SubTexture name="torch2.png" x="1950" y="0" width="128" height="128"/>
	<SubTexture name="torchOff.png" x="1820" y="1820" width="128" height="128"/>
	<SubTexture name="water.png" x="1820" y="1690" width="128" height="128"/>
	<SubTexture name="waterTop_high.png" x="1820" y="1560" width="128" height="128"/>
	<SubTexture name="waterTop_low.png" x="1820" y="1430" width="128" height="128"/>
	<SubTexture name="weight.png" x="1820" y="1300" width="128" height="128"/>
	<SubTexture name="weightAttached.png" x="1820" y="1170" width="128" height="128"/>
	<SubTexture name="window.png" x="1820" y="1040" width="128" height="128"/>
	<SubTexture name="wormGreen.png" x="2990" y="1690" width="128" height="128"/>
	<SubTexture name="wormGreen_dead.png" x="2990" y="1560" width="128" height="128"/>
	<SubTexture name="wormGreen_move.png" x="2990" y="1430" width="128" height="128"/>
	<SubTexture name="wormPink.png" x="2990" y="1300" width="128" height="128"/>
	<SubTexture name="wormPink_dead.png" x="2990" y="1170" width="128" height="128"/>
	<SubTexture name="wormPink_move.png" x="2990" y="1040" width="128" height="128"/>
</TextureAtlas>