<TextureAtlas imagePath="sheet.png">
	<SubTexture name="hud0.png" x="128" y="768" width="128" height="128"/>
	<SubTexture name="hud1.png" x="128" y="640" width="128" height="128"/>
	<SubTexture name="hud2.png" x="128" y="512" width="128" height="128"/>
	<SubTexture name="hud3.png" x="128" y="384" width="128" height="128"/>
	<SubTexture name="hud4.png" x="128" y="256" width="128" height="128"/>
	<SubTexture name="hud5.png" x="128" y="128" width="128" height="128"/>
	<SubTexture name="hud6.png" x="128" y="0" width="128" height="128"/>
	<SubTexture name="hud7.png" x="0" y="896" width="128" height="128"/>
	<SubTexture name="hud8.png" x="0" y="768" width="128" height="128"/>
	<SubTexture name="hud9.png" x="0" y="640" width="128" height="128"/>
	<SubTexture name="hudCoin.png" x="0" y="512" width="128" height="128"/>
	<SubTexture name="hudHeart_empty.png" x="0" y="384" width="128" height="128"/>
	<SubTexture name="hudHeart_full.png" x="0" y="256" width="128" height="128"/>
	<SubTexture name="hudHeart_half.png" x="0" y="128" width="128" height="128"/>
	<SubTexture name="hudJewel_blue.png" x="0" y="0" width="128" height="128"/>
	<SubTexture name="hudJewel_blue_empty.png" x="256" y="128" width="128" height="128"/>
	<SubTexture name="hudJewel_green.png" x="512" y="256" width="128" height="128"/>
	<SubTexture name="hudJewel_green_empty.png" x="512" y="128" width="128" height="128"/>
	<SubTexture name="hudJewel_red.png" x="512" y="0" width="128" height="128"/>
	<SubTexture name="hudJewel_red_empty.png" x="384" y="896" width="128" height="128"/>
	<SubTexture name="hudJewel_yellow.png" x="384" y="768" width="128" height="128"/>
	<SubTexture name="hudJewel_yellow_empty.png" x="384" y="640" width="128" height="128"/>
	<SubTexture name="hudKey_blue.png" x="384" y="512" width="128" height="128"/>
	<SubTexture name="hudKey_blue_empty.png" x="384" y="384" width="128" height="128"/>
	<SubTexture name="hudKey_green.png" x="384" y="256" width="128" height="128"/>
	<SubTexture name="hudKey_green_empty.png" x="384" y="128" width="128" height="128"/>
	<SubTexture name="hudKey_red.png" x="384" y="0" width="128" height="128"/>
	<SubTexture name="hudKey_red_empty.png" x="256" y="896" width="128" height="128"/>
	<SubTexture name="hudKey_yellow.png" x="256" y="768" width="128" height="128"/>
	<SubTexture name="hudKey_yellow_empty.png" x="256" y="640" width="128" height="128"/>
	<SubTexture name="hudPlayer_beige.png" x="256" y="512" width="128" height="128"/>
	<SubTexture name="hudPlayer_blue.png" x="256" y="384" width="128" height="128"/>
	<SubTexture name="hudPlayer_green.png" x="256" y="256" width="128" height="128"/>
	<SubTexture name="hudPlayer_pink.png" x="512" y="384" width="128" height="128"/>
	<SubTexture name="hudPlayer_yellow.png" x="256" y="0" width="128" height="128"/>
	<SubTexture name="hudX.png" x="128" y="896" width="128" height="128"/>
</TextureAtlas>