<TextureAtlas imagePath="sheet.png">
	<SubTexture name="bomb.png" x="0" y="1408" width="128" height="128"/>
	<SubTexture name="bombWhite.png" x="0" y="1280" width="128" height="128"/>
	<SubTexture name="boxCoin.png" x="0" y="1152" width="128" height="128"/>
	<SubTexture name="boxCoin_boxed.png" x="0" y="1024" width="128" height="128"/>
	<SubTexture name="boxCoin_disabled.png" x="0" y="896" width="128" height="128"/>
	<SubTexture name="boxCoin_disabled_boxed.png" x="0" y="768" width="128" height="128"/>
	<SubTexture name="boxCrate.png" x="0" y="640" width="128" height="128"/>
	<SubTexture name="boxCrate_double.png" x="0" y="512" width="128" height="128"/>
	<SubTexture name="boxCrate_single.png" x="0" y="384" width="128" height="128"/>
	<SubTexture name="boxCrate_warning.png" x="0" y="256" width="128" height="128"/>
	<SubTexture name="boxExplosive.png" x="0" y="128" width="128" height="128"/>
	<SubTexture name="boxExplosive_disabled.png" x="0" y="0" width="128" height="128"/>
	<SubTexture name="boxExplosive_used.png" x="256" y="384" width="128" height="128"/>
	<SubTexture name="boxItem.png" x="512" y="768" width="128" height="128"/>
	<SubTexture name="boxItem_boxed.png" x="512" y="640" width="128" height="128"/>
	<SubTexture name="boxItem_disabled.png" x="512" y="512" width="128" height="128"/>
	<SubTexture name="boxItem_disabled_boxed.png" x="512" y="384" width="128" height="128"/>
	<SubTexture name="brickBrown.png" x="512" y="256" width="128" height="128"/>
	<SubTexture name="brickGrey.png" x="512" y="128" width="128" height="128"/>
	<SubTexture name="bridgeA.png" x="512" y="0" width="128" height="128"/>
	<SubTexture name="bridgeB.png" x="384" y="1920" width="128" height="128"/>
	<SubTexture name="bush.png" x="384" y="1792" width="128" height="128"/>
	<SubTexture name="cactus.png" x="384" y="1664" width="128" height="128"/>
	<SubTexture name="chain.png" x="384" y="1536" width="128" height="128"/>
	<SubTexture name="doorClosed_mid.png" x="384" y="1408" width="128" height="128"/>
	<SubTexture name="doorClosed_top.png" x="384" y="1280" width="128" height="128"/>
	<SubTexture name="doorOpen_mid.png" x="384" y="1152" width="128" height="128"/>
	<SubTexture name="doorOpen_top.png" x="384" y="1024" width="128" height="128"/>
	<SubTexture name="fence.png" x="384" y="896" width="128" height="128"/>
	<SubTexture name="fenceBroken.png" x="384" y="768" width="128" height="128"/>
	<SubTexture name="grass.png" x="384" y="640" width="128" height="128"/>
	<SubTexture name="ladderMid.png" x="384" y="512" width="128" height="128"/>
	<SubTexture name="ladderTop.png" x="384" y="384" width="128" height="128"/>
	<SubTexture name="lava.png" x="384" y="256" width="128" height="128"/>
	<SubTexture name="lavaTop_high.png" x="384" y="128" width="128" height="128"/>
	<SubTexture name="lavaTop_low.png" x="384" y="0" width="128" height="128"/>
	<SubTexture name="leverLeft.png" x="256" y="1920" width="128" height="128"/>
	<SubTexture name="leverMid.png" x="256" y="1792" width="128" height="128"/>
	<SubTexture name="leverRight.png" x="256" y="1664" width="128" height="128"/>
	<SubTexture name="lockBlue.png" x="256" y="1536" width="128" height="128"/>
	<SubTexture name="lockGreen.png" x="256" y="1408" width="128" height="128"/>
	<SubTexture name="lockRed.png" x="256" y="1280" width="128" height="128"/>
	<SubTexture name="lockYellow.png" x="256" y="1152" width="128" height="128"/>
	<SubTexture name="mushroomBrown.png" x="256" y="1024" width="128" height="128"/>
	<SubTexture name="mushroomRed.png" x="256" y="896" width="128" height="128"/>
	<SubTexture name="plantPurple.png" x="256" y="768" width="128" height="128"/>
	<SubTexture name="rock.png" x="256" y="640" width="128" height="128"/>
	<SubTexture name="sign.png" x="256" y="512" width="128" height="128"/>
	<SubTexture name="signExit.png" x="512" y="896" width="128" height="128"/>
	<SubTexture name="signLeft.png" x="256" y="256" width="128" height="128"/>
	<SubTexture name="signRight.png" x="256" y="128" width="128" height="128"/>
	<SubTexture name="snow.png" x="256" y="0" width="128" height="128"/>
	<SubTexture name="spikes.png" x="128" y="1920" width="128" height="128"/>
	<SubTexture name="spring.png" x="128" y="1792" width="128" height="128"/>
	<SubTexture name="sprung.png" x="128" y="1664" width="128" height="128"/>
	<SubTexture name="switchBlue.png" x="128" y="1536" width="128" height="128"/>
	<SubTexture name="switchBlue_pressed.png" x="128" y="1408" width="128" height="128"/>
	<SubTexture name="switchGreen.png" x="128" y="1280" width="128" height="128"/>
	<SubTexture name="switchGreen_pressed.png" x="128" y="1152" width="128" height="128"/>
	<SubTexture name="switchRed.png" x="128" y="1024" width="128" height="128"/>
	<SubTexture name="switchRed_pressed.png" x="128" y="896" width="128" height="128"/>
	<SubTexture name="switchYellow.png" x="128" y="768" width="128" height="128"/>
	<SubTexture name="switchYellow_pressed.png" x="128" y="640" width="128" height="128"/>
	<SubTexture name="torch1.png" x="128" y="512" width="128" height="128"/>
	<SubTexture name="torch2.png" x="128" y="384" width="128" height="128"/>
	<SubTexture name="torchOff.png" x="128" y="256" width="128" height="128"/>
	<SubTexture name="water.png" x="128" y="128" width="128" height="128"/>
	<SubTexture name="waterTop_high.png" x="128" y="0" width="128" height="128"/>
	<SubTexture name="waterTop_low.png" x="0" y="1920" width="128" height="128"/>
	<SubTexture name="weight.png" x="0" y="1792" width="128" height="128"/>
	<SubTexture name="weightAttached.png" x="0" y="1664" width="128" height="128"/>
	<SubTexture name="window.png" x="0" y="1536" width="128" height="128"/>
</TextureAtlas>